sentence,source
"The solar system consists of the Sun and the objects that orbit it, including eight planets.",Wikipedia
Quantum computing leverages quantum mechanics to perform computations at unprecedented speeds.,arXiv
The impact of social media on mental health has been a growing concern in recent studies.,Student Thesis
Photosynthesis is the process by which green plants produce energy from sunlight.,Wikipedia
Machine learning models require large datasets to achieve high accuracy.,arXiv
Effective leadership is crucial for organizational success in dynamic markets.,Student Thesis
The theory of relativity revolutionized our understanding of space and time.,Wikipedia
Neural networks are inspired by the structure of the human brain.,arXiv
Climate change poses significant challenges to global food security.,Student Thesis
The periodic table organizes elements based on their atomic number.,Wikipedia
Deep learning has transformed image recognition tasks in computer vision.,arXiv
Workplace diversity enhances creativity and decision-making processes.,Student Thesis
The Earth's atmosphere protects life by filtering harmful solar radiation.,Wikipedia
Reinforcement learning enables agents to learn optimal behaviors through rewards.,arXiv
Sustainable urban planning is essential for reducing carbon footprints.,Student Thesis
The human genome project mapped the entire DNA sequence of humans.,Wikipedia
Graph neural networks model relationships in structured data effectively.,arXiv
Corporate social responsibility influences consumer trust and loyalty.,Student Thesis
Plate tectonics explains the movement of the Earth's lithospheric plates.,Wikipedia
Federated learning allows model training without sharing sensitive data.,arXiv
Gender equality in education promotes economic development globally.,Student Thesis
"The Milky Way is our galaxy, containing over 100 billion stars.",Wikipedia
Natural language processing enables machines to understand human language.,arXiv
Renewable energy adoption is critical for mitigating climate change.,Student Thesis
DNA replication is a fundamental process for cell division in organisms.,Wikipedia
Attention mechanisms improve the performance of transformer models.,arXiv
Employee engagement drives productivity and reduces turnover rates.,Student Thesis
The greenhouse effect regulates Earth's temperature but is intensified by emissions.,Wikipedia
Blockchain technology ensures secure and transparent transactions.,arXiv
Access to clean water is a fundamental human right and global challenge.,Student Thesis
Black holes are regions of spacetime with intense gravitational pull.,Wikipedia
Generative adversarial networks create realistic synthetic data.,arXiv
Ethical leadership fosters trust and integrity within organizations.,Student Thesis
The water cycle describes the continuous movement of water on Earth.,Wikipedia
Transfer learning accelerates model training on new tasks.,arXiv
Financial literacy empowers individuals to make informed economic decisions.,Student Thesis
The Hubble Space Telescope has provided unprecedented views of the universe.,Wikipedia
Convolutional neural networks excel in processing grid-like data.,arXiv
Public health campaigns reduce the spread of infectious diseases.,Student Thesis
The Pythagorean theorem relates the sides of a right triangle.,Wikipedia
Autoencoders are used for unsupervised learning and data compression.,arXiv
Cultural competence improves healthcare outcomes in diverse populations.,Student Thesis
The ozone layer absorbs most of the Sun's ultraviolet radiation.,Wikipedia
Recurrent neural networks are suited for sequential data processing.,arXiv
Corporate governance ensures accountability and transparency in firms.,Student Thesis
The Big Bang theory explains the origin of the universe.,Wikipedia
Word embeddings capture semantic relationships in text data.,arXiv
Social entrepreneurship addresses societal issues through innovative solutions.,Student Thesis
Volcanic eruptions can significantly impact global climate patterns.,Wikipedia
Self-supervised learning leverages unlabeled data for model training.,arXiv
Conflict resolution strategies enhance team collaboration.,Student Thesis
The cell membrane regulates what enters and leaves the cell.,Wikipedia
Bayesian networks model probabilistic relationships in data.,arXiv
Universal basic income could address economic inequality.,Student Thesis
The theory of evolution describes how species change over time.,Wikipedia
Adversarial attacks exploit vulnerabilities in machine learning models.,arXiv
Remote work has reshaped organizational culture and productivity.,Student Thesis
The Internet connects billions of devices worldwide.,Wikipedia
Sentiment analysis gauges opinions from text data.,arXiv
Mental health stigma hinders access to treatment.,Student Thesis
The carbon cycle regulates carbon exchange in Earth's systems.,Wikipedia
Explainable AI improves trust in machine learning predictions.,arXiv
Supply chain resilience is critical for global trade.,Student Thesis
The immune system defends the body against pathogens.,Wikipedia
Knowledge graphs enhance information retrieval and reasoning.,arXiv
Microfinance supports entrepreneurship in developing economies.,Student Thesis
The speed of light is a universal constant in physics.,Wikipedia
Domain adaptation improves model performance across datasets.,arXiv
Corporate sustainability aligns business goals with environmental impact.,Student Thesis
The nitrogen cycle is essential for life on Earth.,Wikipedia
Active learning optimizes data labeling for model training.,arXiv
Work-life balance improves employee well-being and performance.,Student Thesis
The Doppler effect describes changes in wave frequency.,Wikipedia
Zero-shot learning enables models to generalize to unseen classes.,arXiv
Community engagement strengthens local governance.,Student Thesis
The human brain contains approximately 86 billion neurons.,Wikipedia
Ensemble methods combine multiple models for better predictions.,arXiv
Globalization impacts cultural identity and economic systems.,Student Thesis
Coral reefs support diverse marine ecosystems.,Wikipedia
Probabilistic graphical models represent complex dependencies.,arXiv
Digital transformation enhances business efficiency.,Student Thesis
The electromagnetic spectrum includes all wavelengths of light.,Wikipedia
Meta-learning enables models to learn how to learn.,arXiv
Social media influences political polarization.,Student Thesis
Antibiotics combat bacterial infections but face resistance.,Wikipedia
Multi-task learning improves efficiency in model training.,arXiv
Corporate ethics shape public perception and trust.,Student Thesis
The jet stream influences weather patterns globally.,Wikipedia
Continual learning enables models to adapt to new data.,arXiv
Public policy shapes economic and social outcomes.,Student Thesis
Photosynthetic organisms produce oxygen for Earth's atmosphere.,Wikipedia
Sparse coding models data with minimal active components.,arXiv
Financial inclusion promotes economic empowerment.,Student Thesis
The Moon's gravity causes tides on Earth.,Wikipedia
Neural architecture search automates model design.,arXiv
Employee training enhances organizational competitiveness.,Student Thesis
